Datetime,Water Level (m)
2025-05-25 00:00:00,1.0789549
2025-05-25 01:00:00,1.2845622
2025-05-25 02:00:00,1.222093
2025-05-25 03:00:00,0.9012429
2025-05-25 04:00:00,0.43158624
2025-05-25 05:00:00,-0.10487434
2025-05-25 06:00:00,-0.54015213
2025-05-25 07:00:00,-0.8047035
2025-05-25 08:00:00,-0.76519656
2025-05-25 09:00:00,-0.4723622
2025-05-25 10:00:00,-0.015086328
2025-05-25 11:00:00,0.48488462
2025-05-25 12:00:00,0.8869825
2025-05-25 13:00:00,1.0580443
2025-05-25 14:00:00,0.9992279
2025-05-25 15:00:00,0.7049044
2025-05-25 16:00:00,0.23568214
2025-05-25 17:00:00,-0.2658496
2025-05-25 18:00:00,-0.7379014
2025-05-25 19:00:00,-1.0812771
2025-05-25 20:00:00,-1.1150008
2025-05-25 21:00:00,-0.8087817
2025-05-25 22:00:00,-0.26139396
2025-05-25 23:00:00,0.3648533
2025-05-26 00:00:00,0.96940374
2025-05-26 01:00:00,1.3362402
2025-05-26 02:00:00,1.4377072
2025-05-26 03:00:00,1.2778695
2025-05-26 04:00:00,0.8658478
2025-05-26 05:00:00,0.34608716
2025-05-26 06:00:00,-0.17830324
2025-05-26 07:00:00,-0.63277036
2025-05-26 08:00:00,-0.90217346
2025-05-26 09:00:00,-0.8139259
2025-05-26 10:00:00,-0.45786873
2025-05-26 11:00:00,0.08047777
2025-05-26 12:00:00,0.62027305
2025-05-26 13:00:00,0.9653226
2025-05-26 14:00:00,1.1020176
2025-05-26 15:00:00,1.0205575
2025-05-26 16:00:00,0.62420166
2025-05-26 17:00:00,0.14108004
2025-05-26 18:00:00,-0.3713317
2025-05-26 19:00:00,-0.8260883
2025-05-26 20:00:00,-1.1018465
2025-05-26 21:00:00,-1.0344696
2025-05-26 22:00:00,-0.6375092
2025-05-26 23:00:00,-0.057254784
2025-05-27 00:00:00,0.60219294
2025-05-27 01:00:00,1.1636806
2025-05-27 02:00:00,1.4981679
2025-05-27 03:00:00,1.5424889
2025-05-27 04:00:00,1.3215055
2025-05-27 05:00:00,0.82772166
2025-05-27 06:00:00,0.30071956
2025-05-27 07:00:00,-0.20881028
2025-05-27 08:00:00,-0.6881269
2025-05-27 09:00:00,-0.92652404
2025-05-27 10:00:00,-0.78850573
2025-05-27 11:00:00,-0.33693528
2025-05-27 12:00:00,0.20474713
2025-05-27 13:00:00,0.74648374
2025-05-27 14:00:00,1.0598247
2025-05-27 15:00:00,1.1433046
2025-05-27 16:00:00,0.9649969
2025-05-27 17:00:00,0.5625829
2025-05-27 18:00:00,0.07977508
2025-05-27 19:00:00,-0.42432764
2025-05-27 20:00:00,-0.82610106
2025-05-27 21:00:00,-1.0148882
2025-05-27 22:00:00,-0.86232084
2025-05-27 23:00:00,-0.42104834
2025-05-28 00:00:00,0.16030833
2025-05-28 01:00:00,0.8176976
2025-05-28 02:00:00,1.3714056
2025-05-28 03:00:00,1.6513374
2025-05-28 04:00:00,1.6174035
2025-05-28 05:00:00,1.3305833
2025-05-28 06:00:00,0.7936786
2025-05-28 07:00:00,0.24857618
2025-05-28 08:00:00,-0.2740854
2025-05-28 09:00:00,-0.64249766
2025-05-28 10:00:00,-0.7737746
2025-05-28 11:00:00,-0.56919485
2025-05-28 12:00:00,-0.18213373
2025-05-28 13:00:00,0.3351229
2025-05-28 14:00:00,0.83076775
2025-05-28 15:00:00,1.1062775
2025-05-28 16:00:00,1.1597996
2025-05-28 17:00:00,0.96876264
2025-05-28 18:00:00,0.5601489
2025-05-28 19:00:00,0.05775898
2025-05-28 20:00:00,-0.39698812
2025-05-28 21:00:00,-0.7223242
2025-05-28 22:00:00,-0.83941615
2025-05-28 23:00:00,-0.61171776
2025-05-29 00:00:00,-0.15162532
2025-05-29 01:00:00,0.4353361
2025-05-29 02:00:00,1.0365709
2025-05-29 03:00:00,1.4743844
2025-05-29 04:00:00,1.655557
2025-05-29 05:00:00,1.6031795
2025-05-29 06:00:00,1.2185987
2025-05-29 07:00:00,0.7484078
2025-05-29 08:00:00,0.20653582
2025-05-29 09:00:00,-0.2804264
2025-05-29 10:00:00,-0.63025993
2025-05-29 11:00:00,-0.63392687
2025-05-29 12:00:00,-0.37608775
2025-05-29 13:00:00,-0.008265823
2025-05-29 14:00:00,0.4646479
2025-05-29 15:00:00,0.8912782
2025-05-29 16:00:00,1.0796832
2025-05-29 17:00:00,1.0751538
2025-05-29 18:00:00,0.83307725
2025-05-29 19:00:00,0.44086102
2025-05-29 20:00:00,0.010035578
2025-05-29 21:00:00,-0.37681603
2025-05-29 22:00:00,-0.6209271
2025-05-29 23:00:00,-0.63962615
2025-05-30 00:00:00,-0.39837575
2025-05-30 01:00:00,0.031334564
2025-05-30 02:00:00,0.59549034
2025-05-30 03:00:00,1.0955698
2025-05-30 04:00:00,1.4761562
2025-05-30 05:00:00,1.5880122
2025-05-30 06:00:00,1.423766
2025-05-30 07:00:00,1.0101631
2025-05-30 08:00:00,0.5440522
2025-05-30 09:00:00,0.06942553
2025-05-30 10:00:00,-0.37504542
2025-05-30 11:00:00,-0.59940827
2025-05-30 12:00:00,-0.58121365
2025-05-30 13:00:00,-0.31976995
2025-05-30 14:00:00,0.021053743
2025-05-30 15:00:00,0.42820436
2025-05-30 16:00:00,0.77463007
2025-05-30 17:00:00,0.9185282
2025-05-30 18:00:00,0.8719265
2025-05-30 19:00:00,0.63086945
2025-05-30 20:00:00,0.2804866
2025-05-30 21:00:00,-0.09620614
2025-05-30 22:00:00,-0.41057074
2025-05-30 23:00:00,-0.606867
2025-05-31 00:00:00,-0.54879093
